{
  "project_info": {
    "project_number": "630389050035",
    "firebase_url": "https://scopechat-bd48d.firebaseio.com",
    "project_id": "scopechat-bd48d",
    "storage_bucket": "scopechat-bd48d.appspot.com"
  },
  "client": [
    {
      "client_info": {
        "mobilesdk_app_id": "1:630389050035:android:cdcd9e90b6502f36",
        "android_client_info": {
          "package_name": "com.example.manarelsebaay.scopechat"
        }
      },
      "oauth_client": [
        {
          "client_id": "630389050035-j0me476g0dcb89jievhf1kh0ptdd4dr9.apps.googleusercontent.com",
          "client_type": 1,
          "android_info": {
            "package_name": "com.example.manarelsebaay.scopechat",
            "certificate_hash": "277a559a02dcc515e8d58a37b38524f9e9405ec5"
          }
        },
        {
          "client_id": "630389050035-1klspvoug5p4seks7kc3a74rp2e1uf7d.apps.googleusercontent.com",
          "client_type": 3
        }
      ],
      "api_key": [
        {
          "current_key": "AIzaSyB5HgXxAferDbPgsgWBOJ7xJyFlDiHqhgA"
        }
      ],
      "services": {
        "appinvite_service": {
          "other_platform_oauth_client": [
            {
              "client_id": "630389050035-1klspvoug5p4seks7kc3a74rp2e1uf7d.apps.googleusercontent.com",
              "client_type": 3
            }
          ]
        }
      }
    }
  ],
  "configuration_version": "1"
}